run_id,git_commit,code_sha256,manifest_sha256,configuration_sha256,clip_id,speaker_id,source_split,duration_seconds,seed,branch,is_watermarked,condition,attack_family,attack_setting,detector_threshold,frame_threshold,detection_score,mean_frame_probability,detected,expected_message,recovered_message,bit_errors,bit_accuracy,bit_error_rate,exact_message_recovery,watermark_snr_db,watermark_stoi,stoi,pesq,quality_snr_db,quality_applicability,output_duration_seconds,num_samples,output_peak,clipping_fraction,prelimit_clipping_fraction,embed_runtime_ms,attack_runtime_ms,detect_runtime_ms,status,error_message,attack_metadata,output_sha256
20260905T233251.794111Z,3a1ad8dfa458b46fc17f0ade0b5f23d3607a71f1,4858edc00fd66503cce1a954f2d6d0f4d53228f58f3723839b191aace47c4780,85a65f1f57cd5918e3529a1210a45ad78cb20cab8a6db637589aecc38e333336,15cd64de2c8ddb012c7001ab2b9d14b9009c3f6c85d26ac718ef884459e419c7,2961-961-0021,2961,test-clean,4.94,20260905,positive,1,clean,clean,"{""family"": ""clean"", ""id"": ""clean""}",0.5,0.5,1.0,0.9999923706054688,1,0001110110001111,0001110110001111,0,1.0,0.0,1,23.700740552559118,0.9988012086919792,0.9988012086919792,NA,23.700740552559118,aligned_to_original,4.94,79040,0.4376334846019745,0.0,0.0,5079.755827900954,0.3101089969277382,113.22410800494254,ok,,"{""clipping_fraction"": 0.0, ""duration_seconds"": 4.94, ""family"": ""clean"", ""id"": ""clean"", ""input_samples"": 79040, ""output_peak"": 0.4376334846019745, ""output_samples"": 79040, ""pre_limiter_peak"": 0.4376334846019745, ""sample_aligned"": true, ""sample_rate"": 16000, ""seed"": 3631222599593739694}",c35e6335348b5cf1a0d721564645b455fc392f9a92805ba1eb1dba7d8fde7ce0
20260905T233251.794111Z,3a1ad8dfa458b46fc17f0ade0b5f23d3607a71f1,4858edc00fd66503cce1a954f2d6d0f4d53228f58f3723839b191aace47c4780,85a65f1f57cd5918e3529a1210a45ad78cb20cab8a6db637589aecc38e333336,15cd64de2c8ddb012c7001ab2b9d14b9009c3f6c85d26ac718ef884459e419c7,2961-961-0021,2961,test-clean,4.94,20260905,negative,0,clean,clean,"{""family"": ""clean"", ""id"": ""clean""}",0.5,0.5,0.0,0.0008825351251289248,0,0001110110001111,0100110110000100,NA,NA,NA,NA,NA,NA,0.9999999999999998,NA,inf,aligned_to_original,4.94,79040,0.430023193359375,0.0,0.0,NA,0.3017539856955409,67.35770497471094,ok,,"{""clipping_fraction"": 0.0, ""duration_seconds"": 4.94, ""family"": ""clean"", ""id"": ""clean"", ""input_samples"": 79040, ""output_peak"": 0.430023193359375, ""output_samples"": 79040, ""pre_limiter_peak"": 0.430023193359375, ""sample_aligned"": true, ""sample_rate"": 16000, ""seed"": 3631222599593739694}",808191215a829143689c1fd32b11722a16d5bac7ce1ece341d45d3408f1f095e
20260905T233251.794111Z,3a1ad8dfa458b46fc17f0ade0b5f23d3607a71f1,4858edc00fd66503cce1a954f2d6d0f4d53228f58f3723839b191aace47c4780,85a65f1f57cd5918e3529a1210a45ad78cb20cab8a6db637589aecc38e333336,15cd64de2c8ddb012c7001ab2b9d14b9009c3f6c85d26ac718ef884459e419c7,2961-961-0021,2961,test-clean,4.94,20260905,positive,1,mp3_128,mp3,"{""bitrate_kbps"": 128, ""family"": ""mp3"", ""id"": ""mp3_128""}",0.5,0.5,1.0,0.9999918937683105,1,0001110110001111,0001110110001111,0,1.0,0.0,1,23.700740552559118,0.9988012086919792,NA,NA,NA,NA: MP3 codec delay/alignment not independently verified,4.94,79040,0.4157027304172516,0.0,0.0,5079.755827900954,26.018748059868813,66.93408894352615,ok,,"{""alignment_reason"": ""MP3 codec delay/alignment not independently verified"", ""bitrate_kbps"": 128, ""clipping_fraction"": 0.0, ""codec"": ""libmp3lame"", ""duration_seconds"": 4.94, ""family"": ""mp3"", ""id"": ""mp3_128"", ""input_samples"": 79040, ""output_peak"": 0.4157027304172516, ""output_samples"": 79040, ""pre_limiter_peak"": 0.4157027304172516, ""sample_aligned"": false, ""sample_rate"": 16000, ""seed"": 3592504028331641121}",09bccdb1fbd44f82a78c6f0484011118664d01f2433bae6b35a5c5de000584da
20260905T233251.794111Z,3a1ad8dfa458b46fc17f0ade0b5f23d3607a71f1,4858edc00fd66503cce1a954f2d6d0f4d53228f58f3723839b191aace47c4780,85a65f1f57cd5918e3529a1210a45ad78cb20cab8a6db637589aecc38e333336,15cd64de2c8ddb012c7001ab2b9d14b9009c3f6c85d26ac718ef884459e419c7,2961-961-0021,2961,test-clean,4.94,20260905,negative,0,mp3_128,mp3,"{""bitrate_kbps"": 128, ""family"": ""mp3"", ""id"": ""mp3_128""}",0.5,0.5,0.0,0.0008574228268116713,0,0001110110001111,0100110110000100,NA,NA,NA,NA,NA,NA,NA,NA,NA,NA: MP3 codec delay/alignment not independently verified,4.94,79040,0.408852219581604,0.0,0.0,NA,24.281715974211693,67.45438894722611,ok,,"{""alignment_reason"": ""MP3 codec delay/alignment not independently verified"", ""bitrate_kbps"": 128, ""clipping_fraction"": 0.0, ""codec"": ""libmp3lame"", ""duration_seconds"": 4.94, ""family"": ""mp3"", ""id"": ""mp3_128"", ""input_samples"": 79040, ""output_peak"": 0.408852219581604, ""output_samples"": 79040, ""pre_limiter_peak"": 0.408852219581604, ""sample_aligned"": false, ""sample_rate"": 16000, ""seed"": 3592504028331641121}",4d675d4cfa7ff179ca5960ca310d538b6e03ba3ee0784447b95d927f6adec893
20260905T233251.794111Z,3a1ad8dfa458b46fc17f0ade0b5f23d3607a71f1,4858edc00fd66503cce1a954f2d6d0f4d53228f58f3723839b191aace47c4780,85a65f1f57cd5918e3529a1210a45ad78cb20cab8a6db637589aecc38e333336,15cd64de2c8ddb012c7001ab2b9d14b9009c3f6c85d26ac718ef884459e419c7,2961-961-0021,2961,test-clean,4.94,20260905,positive,1,mp3_64,mp3,"{""bitrate_kbps"": 64, ""family"": ""mp3"", ""id"": ""mp3_64""}",0.5,0.5,1.0,0.9999915957450867,1,0001110110001111,0001110110001111,0,1.0,0.0,1,23.700740552559118,0.9988012086919792,NA,NA,NA,NA: MP3 codec delay/alignment not independently verified,4.94,79040,0.419128954410553,0.0,0.0,5079.755827900954,25.204587960615754,70.50246198195964,ok,,"{""alignment_reason"": ""MP3 codec delay/alignment not independently verified"", ""bitrate_kbps"": 64, ""clipping_fraction"": 0.0, ""codec"": ""libmp3lame"", ""duration_seconds"": 4.94, ""family"": ""mp3"", ""id"": ""mp3_64"", ""input_samples"": 79040, ""output_peak"": 0.419128954410553, ""output_samples"": 79040, ""pre_limiter_peak"": 0.419128954410553, ""sample_aligned"": false, ""sample_rate"": 16000, ""seed"": 2406233633930404726}",ed973366d9e6c6671623e57521b5bb2dead2913706c1da04586f893c16ec06d5
20260905T233251.794111Z,3a1ad8dfa458b46fc17f0ade0b5f23d3607a71f1,4858edc00fd66503cce1a954f2d6d0f4d53228f58f3723839b191aace47c4780,85a65f1f57cd5918e3529a1210a45ad78cb20cab8a6db637589aecc38e333336,15cd64de2c8ddb012c7001ab2b9d14b9009c3f6c85d26ac718ef884459e419c7,2961-961-0021,2961,test-clean,4.94,20260905,negative,0,mp3_64,mp3,"{""bitrate_kbps"": 64, ""family"": ""mp3"", ""id"": ""mp3_64""}",0.5,0.5,0.0,0.0008110132184810936,0,0001110110001111,0100110110000100,NA,NA,NA,NA,NA,NA,NA,NA,NA,NA: MP3 codec delay/alignment not independently verified,4.94,79040,0.40483608841896057,0.0,0.0,NA,23.829204961657524,67.81059491913766,ok,,"{""alignment_reason"": ""MP3 codec delay/alignment not independently verified"", ""bitrate_kbps"": 64, ""clipping_fraction"": 0.0, ""codec"": ""libmp3lame"", ""duration_seconds"": 4.94, ""family"": ""mp3"", ""id"": ""mp3_64"", ""input_samples"": 79040, ""output_peak"": 0.40483608841896057, ""output_samples"": 79040, ""pre_limiter_peak"": 0.40483608841896057, ""sample_aligned"": false, ""sample_rate"": 16000, ""seed"": 2406233633930404726}",add6364de915be9e3259066300c6994b33b210326892d6f1f9e79db226d97670
20260905T233251.794111Z,3a1ad8dfa458b46fc17f0ade0b5f23d3607a71f1,4858edc00fd66503cce1a954f2d6d0f4d53228f58f3723839b191aace47c4780,85a65f1f57cd5918e3529a1210a45ad78cb20cab8a6db637589aecc38e333336,15cd64de2c8ddb012c7001ab2b9d14b9009c3f6c85d26ac718ef884459e419c7,2961-961-0021,2961,test-clean,4.94,20260905,positive,1,noise_30,noise,"{""family"": ""noise"", ""id"": ""noise_30"", ""snr_db"": 30}",0.5,0.5,0.8494433164596558,0.8578625321388245,1,0001110110001111,0001110110001111,0,1.0,0.0,1,23.700740552559118,0.9988012086919792,0.9977178387915394,NA,22.795639837350322,aligned_to_original,4.94,79040,0.43722838163375854,0.0,0.0,5079.755827900954,1.7833900637924671,68.64250602666289,ok,,"{""clipping_fraction"": 0.0, ""duration_seconds"": 4.94, ""family"": ""noise"", ""id"": ""noise_30"", ""input_samples"": 79040, ""noise_snr_db"": 30.000000003939004, ""noise_snr_db_pre_clipping"": 30.0, ""output_peak"": 0.43722838163375854, ""output_samples"": 79040, ""pre_limiter_peak"": 0.43722838056327507, ""sample_aligned"": true, ""sample_rate"": 16000, ""seed"": 2492718827592896228, ""snr_db"": 30}",3cedb1c5e6fda39dabf26b9c5e24525d8067bfc8ef384f7b27458ecd22b3093b
20260905T233251.794111Z,3a1ad8dfa458b46fc17f0ade0b5f23d3607a71f1,4858edc00fd66503cce1a954f2d6d0f4d53228f58f3723839b191aace47c4780,85a65f1f57cd5918e3529a1210a45ad78cb20cab8a6db637589aecc38e333336,15cd64de2c8ddb012c7001ab2b9d14b9009c3f6c85d26ac718ef884459e419c7,2961-961-0021,2961,test-clean,4.94,20260905,negative,0,noise_30,noise,"{""family"": ""noise"", ""id"": ""noise_30"", ""snr_db"": 30}",0.5,0.5,0.0,0.0036724295932799578,0,0001110110001111,0101111110000101,NA,NA,NA,NA,NA,NA,0.9988892084241615,NA,29.999999995924505,aligned_to_original,4.94,79040,0.4296170175075531,0.0,0.0,NA,1.639697002246976,67.11770792026073,ok,,"{""clipping_fraction"": 0.0, ""duration_seconds"": 4.94, ""family"": ""noise"", ""id"": ""noise_30"", ""input_samples"": 79040, ""noise_snr_db"": 29.999999995924505, ""noise_snr_db_pre_clipping"": 30.0, ""output_peak"": 0.4296170175075531, ""output_samples"": 79040, ""pre_limiter_peak"": 0.42961700807649233, ""sample_aligned"": true, ""sample_rate"": 16000, ""seed"": 2492718827592896228, ""snr_db"": 30}",05466274f7d555c639a25b4423e0bc6c3a9d53c9749be7d50ecc1c73853e9490
20260905T233251.794111Z,3a1ad8dfa458b46fc17f0ade0b5f23d3607a71f1,4858edc00fd66503cce1a954f2d6d0f4d53228f58f3723839b191aace47c4780,85a65f1f57cd5918e3529a1210a45ad78cb20cab8a6db637589aecc38e333336,15cd64de2c8ddb012c7001ab2b9d14b9009c3f6c85d26ac718ef884459e419c7,2961-961-0021,2961,test-clean,4.94,20260905,positive,1,noise_20,noise,"{""family"": ""noise"", ""id"": ""noise_20"", ""snr_db"": 20}",0.5,0.5,0.44395244121551514,0.4511745572090149,0,0001110110001111,0001110110001111,0,1.0,0.0,1,23.700740552559118,0.9988012086919792,0.9881192764557712,NA,18.483652460921057,aligned_to_original,4.94,79040,0.4381563067436218,0.0,0.0,5079.755827900954,1.6533329617232084,67.71189696155488,ok,,"{""clipping_fraction"": 0.0, ""duration_seconds"": 4.94, ""family"": ""noise"", ""id"": ""noise_20"", ""input_samples"": 79040, ""noise_snr_db"": 20.000000012884975, ""noise_snr_db_pre_clipping"": 19.999999999999996, ""output_peak"": 0.4381563067436218, ""output_samples"": 79040, ""pre_limiter_peak"": 0.4381563110761658, ""sample_aligned"": true, ""sample_rate"": 16000, ""seed"": 15380465336371480071, ""snr_db"": 20}",287da8888e9b8a05ae886d3f68b038516da3b4ea83dd98d791efcf699ace1e30
20260905T233251.794111Z,3a1ad8dfa458b46fc17f0ade0b5f23d3607a71f1,4858edc00fd66503cce1a954f2d6d0f4d53228f58f3723839b191aace47c4780,85a65f1f57cd5918e3529a1210a45ad78cb20cab8a6db637589aecc38e333336,15cd64de2c8ddb012c7001ab2b9d14b9009c3f6c85d26ac718ef884459e419c7,2961-961-0021,2961,test-clean,4.94,20260905,negative,0,noise_20,noise,"{""family"": ""noise"", ""id"": ""noise_20"", ""snr_db"": 20}",0.5,0.5,0.0,0.0027832710184156895,0,0001110110001111,0110111110100101,NA,NA,NA,NA,NA,NA,0.9892305472756436,NA,19.999999998211962,aligned_to_original,4.94,79040,0.43054741621017456,0.0,0.0,NA,1.6305999597534537,68.17681202664971,ok,,"{""clipping_fraction"": 0.0, ""duration_seconds"": 4.94, ""family"": ""noise"", ""id"": ""noise_20"", ""input_samples"": 79040, ""noise_snr_db"": 19.999999998211962, ""noise_snr_db_pre_clipping"": 19.999999999999996, ""output_peak"": 0.43054741621017456, ""output_samples"": 79040, ""pre_limiter_peak"": 0.4305474152851789, ""sample_aligned"": true, ""sample_rate"": 16000, ""seed"": 15380465336371480071, ""snr_db"": 20}",863bab24f0014b85f6dc59e1f5d533dce043730493155dcf9ed08834a182152a
20260905T233251.794111Z,3a1ad8dfa458b46fc17f0ade0b5f23d3607a71f1,4858edc00fd66503cce1a954f2d6d0f4d53228f58f3723839b191aace47c4780,85a65f1f57cd5918e3529a1210a45ad78cb20cab8a6db637589aecc38e333336,15cd64de2c8ddb012c7001ab2b9d14b9009c3f6c85d26ac718ef884459e419c7,2961-961-0021,2961,test-clean,4.94,20260905,positive,1,resample_12000,resample,"{""family"": ""resample"", ""id"": ""resample_12000"", ""intermediate_sr"": 12000}",0.5,0.5,1.0,0.9999923706054688,1,0001110110001111,0001110110001111,0,1.0,0.0,1,23.700740552559118,0.9988012086919792,0.9988013198840674,NA,16.45794607653858,aligned_to_original,4.94,79040,0.43830743432044983,0.0,0.0,5079.755827900954,2.580916043370962,69.08531894441694,ok,,"{""clipping_fraction"": 0.0, ""duration_seconds"": 4.94, ""family"": ""resample"", ""id"": ""resample_12000"", ""input_samples"": 79040, ""intermediate_sr"": 12000, ""output_peak"": 0.43830743432044983, ""output_samples"": 79040, ""pre_limiter_peak"": 0.43830743432044983, ""resampler"": ""scipy.signal.resample_poly"", ""resampler_window"": [""kaiser"", 5.0], ""sample_aligned"": true, ""sample_rate"": 16000, ""seed"": 16338892454108910143}",af022fec7f8ca799b3e859746be59874ecf22f7ef05a65e318266f92553a32e1
20260905T233251.794111Z,3a1ad8dfa458b46fc17f0ade0b5f23d3607a71f1,4858edc00fd66503cce1a954f2d6d0f4d53228f58f3723839b191aace47c4780,85a65f1f57cd5918e3529a1210a45ad78cb20cab8a6db637589aecc38e333336,15cd64de2c8ddb012c7001ab2b9d14b9009c3f6c85d26ac718ef884459e419c7,2961-961-0021,2961,test-clean,4.94,20260905,negative,0,resample_12000,resample,"{""family"": ""resample"", ""id"": ""resample_12000"", ""intermediate_sr"": 12000}",0.5,0.5,0.0,0.0008746822131797671,0,0001110110001111,0100110110000100,NA,NA,NA,NA,NA,NA,0.9999999052147621,NA,17.36603437446601,aligned_to_original,4.94,79040,0.43068990111351013,0.0,0.0,NA,2.593248966149986,67.02579499688,ok,,"{""clipping_fraction"": 0.0, ""duration_seconds"": 4.94, ""family"": ""resample"", ""id"": ""resample_12000"", ""input_samples"": 79040, ""intermediate_sr"": 12000, ""output_peak"": 0.43068990111351013, ""output_samples"": 79040, ""pre_limiter_peak"": 0.43068990111351013, ""resampler"": ""scipy.signal.resample_poly"", ""resampler_window"": [""kaiser"", 5.0], ""sample_aligned"": true, ""sample_rate"": 16000, ""seed"": 16338892454108910143}",5e8d178ee0fb343c34397e4ad75131c9ca4223feaf42ae57cc81009c6ef1b776
20260905T233251.794111Z,3a1ad8dfa458b46fc17f0ade0b5f23d3607a71f1,4858edc00fd66503cce1a954f2d6d0f4d53228f58f3723839b191aace47c4780,85a65f1f57cd5918e3529a1210a45ad78cb20cab8a6db637589aecc38e333336,15cd64de2c8ddb012c7001ab2b9d14b9009c3f6c85d26ac718ef884459e419c7,2961-961-0021,2961,test-clean,4.94,20260905,positive,1,resample_8000,resample,"{""family"": ""resample"", ""id"": ""resample_8000"", ""intermediate_sr"": 8000}",0.5,0.5,1.0,0.9999926090240479,1,0001110110001111,0001110110001111,0,1.0,0.0,1,23.700740552559118,0.9988012086919792,0.9975297814823031,NA,13.208303891991184,aligned_to_original,4.94,79040,0.43763020634651184,0.0,0.0,5079.755827900954,2.588871051557362,66.94947904907167,ok,,"{""clipping_fraction"": 0.0, ""duration_seconds"": 4.94, ""family"": ""resample"", ""id"": ""resample_8000"", ""input_samples"": 79040, ""intermediate_sr"": 8000, ""output_peak"": 0.43763020634651184, ""output_samples"": 79040, ""pre_limiter_peak"": 0.43763020634651184, ""resampler"": ""scipy.signal.resample_poly"", ""resampler_window"": [""kaiser"", 5.0], ""sample_aligned"": true, ""sample_rate"": 16000, ""seed"": 11126862167474857859}",61039697bb639c06e44c85ee03b66113d2d87c30579b1c188616b9822b501f0b
20260905T233251.794111Z,3a1ad8dfa458b46fc17f0ade0b5f23d3607a71f1,4858edc00fd66503cce1a954f2d6d0f4d53228f58f3723839b191aace47c4780,85a65f1f57cd5918e3529a1210a45ad78cb20cab8a6db637589aecc38e333336,15cd64de2c8ddb012c7001ab2b9d14b9009c3f6c85d26ac718ef884459e419c7,2961-961-0021,2961,test-clean,4.94,20260905,negative,0,resample_8000,resample,"{""family"": ""resample"", ""id"": ""resample_8000"", ""intermediate_sr"": 8000}",0.5,0.5,0.0,0.0003306339494884014,0,0001110110001111,0100110110100100,NA,NA,NA,NA,NA,NA,0.998728894364617,NA,13.614185504329527,aligned_to_original,4.94,79040,0.4300186336040497,0.0,0.0,NA,2.5558789493516088,66.50122604332864,ok,,"{""clipping_fraction"": 0.0, ""duration_seconds"": 4.94, ""family"": ""resample"", ""id"": ""resample_8000"", ""input_samples"": 79040, ""intermediate_sr"": 8000, ""output_peak"": 0.4300186336040497, ""output_samples"": 79040, ""pre_limiter_peak"": 0.4300186336040497, ""resampler"": ""scipy.signal.resample_poly"", ""resampler_window"": [""kaiser"", 5.0], ""sample_aligned"": true, ""sample_rate"": 16000, ""seed"": 11126862167474857859}",345da18afe1e4de6abaca58e690118156c970c4ae81ffef89c7a028515be60cf
20260905T233251.794111Z,3a1ad8dfa458b46fc17f0ade0b5f23d3607a71f1,4858edc00fd66503cce1a954f2d6d0f4d53228f58f3723839b191aace47c4780,85a65f1f57cd5918e3529a1210a45ad78cb20cab8a6db637589aecc38e333336,15cd64de2c8ddb012c7001ab2b9d14b9009c3f6c85d26ac718ef884459e419c7,2961-961-0021,2961,test-clean,4.94,20260905,positive,1,pitch_minus2,pitch,"{""family"": ""pitch"", ""id"": ""pitch_minus2"", ""semitones"": -2}",0.5,0.5,0.0,0.0014633121900260448,0,0001110110001111,0100111110100100,7,0.5625,0.4375,0,23.700740552559118,0.9988012086919792,NA,NA,NA,NA: Pitch shifting changes sample phase and content,4.94,79040,0.15711766481399536,0.0,0.0,5079.755827900954,1146.2481080088764,64.99768898356706,ok,,"{""alignment_reason"": ""Pitch shifting changes sample phase and content"", ""clipping_fraction"": 0.0, ""duration_seconds"": 4.94, ""family"": ""pitch"", ""hop_length"": 512, ""id"": ""pitch_minus2"", ""implementation"": ""librosa"", ""input_samples"": 79040, ""n_fft"": 2048, ""output_peak"": 0.15711766481399536, ""output_samples"": 79040, ""pre_limiter_peak"": 0.15711766481399536, ""res_type"": ""soxr_hq"", ""sample_aligned"": false, ""sample_rate"": 16000, ""seed"": 13952085225445274868, ""semitones"": -2}",15cd6a25fcee286c711a972fca87a85ff1f6086205a51fe025569fb7f84059e7
20260905T233251.794111Z,3a1ad8dfa458b46fc17f0ade0b5f23d3607a71f1,4858edc00fd66503cce1a954f2d6d0f4d53228f58f3723839b191aace47c4780,85a65f1f57cd5918e3529a1210a45ad78cb20cab8a6db637589aecc38e333336,15cd64de2c8ddb012c7001ab2b9d14b9009c3f6c85d26ac718ef884459e419c7,2961-961-0021,2961,test-clean,4.94,20260905,negative,0,pitch_minus2,pitch,"{""family"": ""pitch"", ""id"": ""pitch_minus2"", ""semitones"": -2}",0.5,0.5,0.0,0.0009765294962562621,0,0001110110001111,0110110110100101,NA,NA,NA,NA,NA,NA,NA,NA,NA,NA: Pitch shifting changes sample phase and content,4.94,79040,0.15902166068553925,0.0,0.0,NA,17.195826047100127,66.86500797513872,ok,,"{""alignment_reason"": ""Pitch shifting changes sample phase and content"", ""clipping_fraction"": 0.0, ""duration_seconds"": 4.94, ""family"": ""pitch"", ""hop_length"": 512, ""id"": ""pitch_minus2"", ""implementation"": ""librosa"", ""input_samples"": 79040, ""n_fft"": 2048, ""output_peak"": 0.15902166068553925, ""output_samples"": 79040, ""pre_limiter_peak"": 0.15902166068553925, ""res_type"": ""soxr_hq"", ""sample_aligned"": false, ""sample_rate"": 16000, ""seed"": 13952085225445274868, ""semitones"": -2}",963babf15902785faaae6f8433fc913f0aa34b867daab2dd20f587f118ad3df4
20260905T233251.794111Z,3a1ad8dfa458b46fc17f0ade0b5f23d3607a71f1,4858edc00fd66503cce1a954f2d6d0f4d53228f58f3723839b191aace47c4780,85a65f1f57cd5918e3529a1210a45ad78cb20cab8a6db637589aecc38e333336,15cd64de2c8ddb012c7001ab2b9d14b9009c3f6c85d26ac718ef884459e419c7,2961-961-0021,2961,test-clean,4.94,20260905,positive,1,pitch_plus2,pitch,"{""family"": ""pitch"", ""id"": ""pitch_plus2"", ""semitones"": 2}",0.5,0.5,0.0,0.007967108860611916,0,0001110110001111,0100110110100101,5,0.6875,0.3125,0,23.700740552559118,0.9988012086919792,NA,NA,NA,NA: Pitch shifting changes sample phase and content,4.94,79040,0.21944564580917358,0.0,0.0,5079.755827900954,20.511428941972554,67.10358196869493,ok,,"{""alignment_reason"": ""Pitch shifting changes sample phase and content"", ""clipping_fraction"": 0.0, ""duration_seconds"": 4.94, ""family"": ""pitch"", ""hop_length"": 512, ""id"": ""pitch_plus2"", ""implementation"": ""librosa"", ""input_samples"": 79040, ""n_fft"": 2048, ""output_peak"": 0.21944564580917358, ""output_samples"": 79040, ""pre_limiter_peak"": 0.21944564580917358, ""res_type"": ""soxr_hq"", ""sample_aligned"": false, ""sample_rate"": 16000, ""seed"": 7633922223807893396, ""semitones"": 2}",ec62df13a4f774dd6de1211ee7f7009a08f8d1f6585036dac411fce9bc3e9117
20260905T233251.794111Z,3a1ad8dfa458b46fc17f0ade0b5f23d3607a71f1,4858edc00fd66503cce1a954f2d6d0f4d53228f58f3723839b191aace47c4780,85a65f1f57cd5918e3529a1210a45ad78cb20cab8a6db637589aecc38e333336,15cd64de2c8ddb012c7001ab2b9d14b9009c3f6c85d26ac718ef884459e419c7,2961-961-0021,2961,test-clean,4.94,20260905,negative,0,pitch_plus2,pitch,"{""family"": ""pitch"", ""id"": ""pitch_plus2"", ""semitones"": 2}",0.5,0.5,0.0,0.001373589620925486,0,0001110110001111,0100111110100101,NA,NA,NA,NA,NA,NA,NA,NA,NA,NA: Pitch shifting changes sample phase and content,4.94,79040,0.1983308494091034,0.0,0.0,NA,19.700348027981818,67.11643491871655,ok,,"{""alignment_reason"": ""Pitch shifting changes sample phase and content"", ""clipping_fraction"": 0.0, ""duration_seconds"": 4.94, ""family"": ""pitch"", ""hop_length"": 512, ""id"": ""pitch_plus2"", ""implementation"": ""librosa"", ""input_samples"": 79040, ""n_fft"": 2048, ""output_peak"": 0.1983308494091034, ""output_samples"": 79040, ""pre_limiter_peak"": 0.1983308494091034, ""res_type"": ""soxr_hq"", ""sample_aligned"": false, ""sample_rate"": 16000, ""seed"": 7633922223807893396, ""semitones"": 2}",5e37f9b47fa8055561f31fcb6d5ae7c75e6605d039448fa2ccbe2c4b18c910b6
20260905T233251.794111Z,3a1ad8dfa458b46fc17f0ade0b5f23d3607a71f1,4858edc00fd66503cce1a954f2d6d0f4d53228f58f3723839b191aace47c4780,85a65f1f57cd5918e3529a1210a45ad78cb20cab8a6db637589aecc38e333336,15cd64de2c8ddb012c7001ab2b9d14b9009c3f6c85d26ac718ef884459e419c7,2961-961-0021,2961,test-clean,4.94,20260905,positive,1,stretch_09,stretch,"{""family"": ""stretch"", ""id"": ""stretch_09"", ""rate"": 0.9}",0.5,0.5,0.1560315191745758,0.1801830232143402,0,0001110110001111,0001110110001111,0,1.0,0.0,1,23.700740552559118,0.9988012086919792,NA,NA,NA,NA: Time stretching changes the temporal coordinate,5.488875,87822,0.1867445856332779,0.0,0.0,5079.755827900954,19.17802495881915,154.63345998432487,ok,,"{""alignment_reason"": ""Time stretching changes the temporal coordinate"", ""clipping_fraction"": 0.0, ""duration_seconds"": 5.488875, ""family"": ""stretch"", ""hop_length"": 512, ""id"": ""stretch_09"", ""implementation"": ""librosa"", ""input_samples"": 79040, ""n_fft"": 2048, ""output_peak"": 0.1867445856332779, ""output_samples"": 87822, ""pre_limiter_peak"": 0.1867445856332779, ""rate"": 0.9, ""sample_aligned"": false, ""sample_rate"": 16000, ""seed"": 13699632866025454554}",95b99c1d08c18cf8ae61ee0836321c94c16e036c6b1e343b618fe41923cd8bcb
20260905T233251.794111Z,3a1ad8dfa458b46fc17f0ade0b5f23d3607a71f1,4858edc00fd66503cce1a954f2d6d0f4d53228f58f3723839b191aace47c4780,85a65f1f57cd5918e3529a1210a45ad78cb20cab8a6db637589aecc38e333336,15cd64de2c8ddb012c7001ab2b9d14b9009c3f6c85d26ac718ef884459e419c7,2961-961-0021,2961,test-clean,4.94,20260905,negative,0,stretch_09,stretch,"{""family"": ""stretch"", ""id"": ""stretch_09"", ""rate"": 0.9}",0.5,0.5,0.0,0.002779722213745117,0,0001110110001111,0100111110100001,NA,NA,NA,NA,NA,NA,NA,NA,NA,NA: Time stretching changes the temporal coordinate,5.488875,87822,0.19344311952590942,0.0,0.0,NA,19.298882922157645,75.02820494119078,ok,,"{""alignment_reason"": ""Time stretching changes the temporal coordinate"", ""clipping_fraction"": 0.0, ""duration_seconds"": 5.488875, ""family"": ""stretch"", ""hop_length"": 512, ""id"": ""stretch_09"", ""implementation"": ""librosa"", ""input_samples"": 79040, ""n_fft"": 2048, ""output_peak"": 0.19344311952590942, ""output_samples"": 87822, ""pre_limiter_peak"": 0.19344311952590942, ""rate"": 0.9, ""sample_aligned"": false, ""sample_rate"": 16000, ""seed"": 13699632866025454554}",aabcf1020822027b5fe1928200e7d0bdda26ca1690fbd0c73f4c39a33aa74e91
20260905T233251.794111Z,3a1ad8dfa458b46fc17f0ade0b5f23d3607a71f1,4858edc00fd66503cce1a954f2d6d0f4d53228f58f3723839b191aace47c4780,85a65f1f57cd5918e3529a1210a45ad78cb20cab8a6db637589aecc38e333336,15cd64de2c8ddb012c7001ab2b9d14b9009c3f6c85d26ac718ef884459e419c7,2961-961-0021,2961,test-clean,4.94,20260905,positive,1,stretch_11,stretch,"{""family"": ""stretch"", ""id"": ""stretch_11"", ""rate"": 1.1}",0.5,0.5,0.16768492758274078,0.19620539247989655,0,0001110110001111,0001110110001111,0,1.0,0.0,1,23.700740552559118,0.9988012086919792,NA,NA,NA,NA: Time stretching changes the temporal coordinate,4.4909375,71855,0.1752958595752716,0.0,0.0,5079.755827900954,16.543847043067217,111.19602294638753,ok,,"{""alignment_reason"": ""Time stretching changes the temporal coordinate"", ""clipping_fraction"": 0.0, ""duration_seconds"": 4.4909375, ""family"": ""stretch"", ""hop_length"": 512, ""id"": ""stretch_11"", ""implementation"": ""librosa"", ""input_samples"": 79040, ""n_fft"": 2048, ""output_peak"": 0.1752958595752716, ""output_samples"": 71855, ""pre_limiter_peak"": 0.1752958595752716, ""rate"": 1.1, ""sample_aligned"": false, ""sample_rate"": 16000, ""seed"": 13075466028920222027}",92071a933823dd8610724706930771dd3e582b743a4e89f2746262457c8b219b
20260905T233251.794111Z,3a1ad8dfa458b46fc17f0ade0b5f23d3607a71f1,4858edc00fd66503cce1a954f2d6d0f4d53228f58f3723839b191aace47c4780,85a65f1f57cd5918e3529a1210a45ad78cb20cab8a6db637589aecc38e333336,15cd64de2c8ddb012c7001ab2b9d14b9009c3f6c85d26ac718ef884459e419c7,2961-961-0021,2961,test-clean,4.94,20260905,negative,0,stretch_11,stretch,"{""family"": ""stretch"", ""id"": ""stretch_11"", ""rate"": 1.1}",0.5,0.5,0.0,0.010668953880667686,0,0001110110001111,0101111110000101,NA,NA,NA,NA,NA,NA,NA,NA,NA,NA: Time stretching changes the temporal coordinate,4.4909375,71855,0.19664235413074493,0.0,0.0,NA,15.970075968652964,61.273970059119165,ok,,"{""alignment_reason"": ""Time stretching changes the temporal coordinate"", ""clipping_fraction"": 0.0, ""duration_seconds"": 4.4909375, ""family"": ""stretch"", ""hop_length"": 512, ""id"": ""stretch_11"", ""implementation"": ""librosa"", ""input_samples"": 79040, ""n_fft"": 2048, ""output_peak"": 0.19664235413074493, ""output_samples"": 71855, ""pre_limiter_peak"": 0.19664235413074493, ""rate"": 1.1, ""sample_aligned"": false, ""sample_rate"": 16000, ""seed"": 13075466028920222027}",2e9ee9164b7f2a6c0ef7984815c651f0401df511409cc024d119a7670ef5687e
20260905T233251.794111Z,3a1ad8dfa458b46fc17f0ade0b5f23d3607a71f1,4858edc00fd66503cce1a954f2d6d0f4d53228f58f3723839b191aace47c4780,85a65f1f57cd5918e3529a1210a45ad78cb20cab8a6db637589aecc38e333336,15cd64de2c8ddb012c7001ab2b9d14b9009c3f6c85d26ac718ef884459e419c7,2961-961-0021,2961,test-clean,4.94,20260905,positive,1,crop_10,crop,"{""family"": ""crop"", ""fraction"": 0.1, ""id"": ""crop_10""}",0.5,0.5,0.7421699166297913,0.7280409336090088,1,0001110110001111,0011011111101110,6,0.625,0.375,0,23.700740552559118,0.9988012086919792,NA,NA,NA,NA: Contiguous crop changes length and may shift time origin,4.446,71136,0.4376334846019745,0.0,0.0,5079.755827900954,0.3703739494085312,101.57240100670606,ok,,"{""alignment_reason"": ""Contiguous crop changes length and may shift time origin"", ""clipping_fraction"": 0.0, ""crop_end_sample"": 74997, ""crop_start_sample"": 3861, ""duration_seconds"": 4.446, ""family"": ""crop"", ""fraction"": 0.1, ""id"": ""crop_10"", ""input_samples"": 79040, ""output_peak"": 0.4376334846019745, ""output_samples"": 71136, ""pre_limiter_peak"": 0.4376334846019745, ""removed_fraction_actual"": 0.09999999999999998, ""sample_aligned"": false, ""sample_rate"": 16000, ""seed"": 12258137672815935328}",fccf2fbb8b0e4744dee6690ccdf992da488baaf75ff0606164d6600c4cc0691a
20260905T233251.794111Z,3a1ad8dfa458b46fc17f0ade0b5f23d3607a71f1,4858edc00fd66503cce1a954f2d6d0f4d53228f58f3723839b191aace47c4780,85a65f1f57cd5918e3529a1210a45ad78cb20cab8a6db637589aecc38e333336,15cd64de2c8ddb012c7001ab2b9d14b9009c3f6c85d26ac718ef884459e419c7,2961-961-0021,2961,test-clean,4.94,20260905,negative,0,crop_10,crop,"{""family"": ""crop"", ""fraction"": 0.1, ""id"": ""crop_10""}",0.5,0.5,0.0,0.0008529890910722315,0,0001110110001111,0100111110000100,NA,NA,NA,NA,NA,NA,NA,NA,NA,NA: Contiguous crop changes length and may shift time origin,4.446,71136,0.430023193359375,0.0,0.0,NA,0.33666996750980616,58.60653007403016,ok,,"{""alignment_reason"": ""Contiguous crop changes length and may shift time origin"", ""clipping_fraction"": 0.0, ""crop_end_sample"": 74997, ""crop_start_sample"": 3861, ""duration_seconds"": 4.446, ""family"": ""crop"", ""fraction"": 0.1, ""id"": ""crop_10"", ""input_samples"": 79040, ""output_peak"": 0.430023193359375, ""output_samples"": 71136, ""pre_limiter_peak"": 0.430023193359375, ""removed_fraction_actual"": 0.09999999999999998, ""sample_aligned"": false, ""sample_rate"": 16000, ""seed"": 12258137672815935328}",e35d83f1bf8a0f0461f7916bf769fe2768383aea20c5535aa14eebc02d544dc1
20260905T233251.794111Z,3a1ad8dfa458b46fc17f0ade0b5f23d3607a71f1,4858edc00fd66503cce1a954f2d6d0f4d53228f58f3723839b191aace47c4780,85a65f1f57cd5918e3529a1210a45ad78cb20cab8a6db637589aecc38e333336,15cd64de2c8ddb012c7001ab2b9d14b9009c3f6c85d26ac718ef884459e419c7,2961-961-0021,2961,test-clean,4.94,20260905,positive,1,crop_25,crop,"{""family"": ""crop"", ""fraction"": 0.25, ""id"": ""crop_25""}",0.5,0.5,0.26717275381088257,0.2937088906764984,0,0001110110001111,0000010010111001,7,0.5625,0.4375,0,23.700740552559118,0.9988012086919792,NA,NA,NA,NA: Contiguous crop changes length and may shift time origin,3.705,59280,0.2696218192577362,0.0,0.0,5079.755827900954,0.3508069785311818,90.58403305243701,ok,,"{""alignment_reason"": ""Contiguous crop changes length and may shift time origin"", ""clipping_fraction"": 0.0, ""crop_end_sample"": 73707, ""crop_start_sample"": 14427, ""duration_seconds"": 3.705, ""family"": ""crop"", ""fraction"": 0.25, ""id"": ""crop_25"", ""input_samples"": 79040, ""output_peak"": 0.2696218192577362, ""output_samples"": 59280, ""pre_limiter_peak"": 0.2696218192577362, ""removed_fraction_actual"": 0.25, ""sample_aligned"": false, ""sample_rate"": 16000, ""seed"": 819548014897387392}",d8df0578e3d813c863aaa82dfa89d47c8ed667defe937b7d6e1f2947bdf033d8
20260905T233251.794111Z,3a1ad8dfa458b46fc17f0ade0b5f23d3607a71f1,4858edc00fd66503cce1a954f2d6d0f4d53228f58f3723839b191aace47c4780,85a65f1f57cd5918e3529a1210a45ad78cb20cab8a6db637589aecc38e333336,15cd64de2c8ddb012c7001ab2b9d14b9009c3f6c85d26ac718ef884459e419c7,2961-961-0021,2961,test-clean,4.94,20260905,negative,0,crop_25,crop,"{""family"": ""crop"", ""fraction"": 0.25, ""id"": ""crop_25""}",0.5,0.5,0.0,0.0005339685594663024,0,0001110110001111,0100111110100100,NA,NA,NA,NA,NA,NA,NA,NA,NA,NA: Contiguous crop changes length and may shift time origin,3.705,59280,0.266021728515625,0.0,0.0,NA,0.31855504494160414,50.14908395241946,ok,,"{""alignment_reason"": ""Contiguous crop changes length and may shift time origin"", ""clipping_fraction"": 0.0, ""crop_end_sample"": 73707, ""crop_start_sample"": 14427, ""duration_seconds"": 3.705, ""family"": ""crop"", ""fraction"": 0.25, ""id"": ""crop_25"", ""input_samples"": 79040, ""output_peak"": 0.266021728515625, ""output_samples"": 59280, ""pre_limiter_peak"": 0.266021728515625, ""removed_fraction_actual"": 0.25, ""sample_aligned"": false, ""sample_rate"": 16000, ""seed"": 819548014897387392}",e70db1f63a9f1cfa9661704c4db29d95cbbee99d13fb488b539356482c2a6be9
20260905T233251.794111Z,3a1ad8dfa458b46fc17f0ade0b5f23d3607a71f1,4858edc00fd66503cce1a954f2d6d0f4d53228f58f3723839b191aace47c4780,85a65f1f57cd5918e3529a1210a45ad78cb20cab8a6db637589aecc38e333336,15cd64de2c8ddb012c7001ab2b9d14b9009c3f6c85d26ac718ef884459e419c7,672-122797-0044,672,test-clean,3.74,20260905,positive,1,clean,clean,"{""family"": ""clean"", ""id"": ""clean""}",0.5,0.5,1.0,0.9999905824661255,1,0000011101000100,0000011101000100,0,1.0,0.0,1,30.574417734383022,0.9916448560744788,0.9916448560744788,NA,30.574417734383022,aligned_to_original,3.74,59840,0.2912736237049103,0.0,0.0,4291.101139038801,0.28205697890371084,223.5752549022436,ok,,"{""clipping_fraction"": 0.0, ""duration_seconds"": 3.74, ""family"": ""clean"", ""id"": ""clean"", ""input_samples"": 59840, ""output_peak"": 0.2912736237049103, ""output_samples"": 59840, ""pre_limiter_peak"": 0.2912736237049103, ""sample_aligned"": true, ""sample_rate"": 16000, ""seed"": 2598804353462705702}",0bc0f451b33befe945e9e34e6d4d9b8c5beff1ab08c400cc252f60aa08a662ea
20260905T233251.794111Z,3a1ad8dfa458b46fc17f0ade0b5f23d3607a71f1,4858edc00fd66503cce1a954f2d6d0f4d53228f58f3723839b191aace47c4780,85a65f1f57cd5918e3529a1210a45ad78cb20cab8a6db637589aecc38e333336,15cd64de2c8ddb012c7001ab2b9d14b9009c3f6c85d26ac718ef884459e419c7,672-122797-0044,672,test-clean,3.74,20260905,negative,0,clean,clean,"{""family"": ""clean"", ""id"": ""clean""}",0.5,0.5,0.0,0.0008667021756991744,0,0000011101000100,0101110110110100,NA,NA,NA,NA,NA,NA,0.9999999999999989,NA,inf,aligned_to_original,3.74,59840,0.291778564453125,0.0,0.0,NA,0.2550050849094987,60.69475901313126,ok,,"{""clipping_fraction"": 0.0, ""duration_seconds"": 3.74, ""family"": ""clean"", ""id"": ""clean"", ""input_samples"": 59840, ""output_peak"": 0.291778564453125, ""output_samples"": 59840, ""pre_limiter_peak"": 0.291778564453125, ""sample_aligned"": true, ""sample_rate"": 16000, ""seed"": 2598804353462705702}",91ccd5d317df4e0ef2e9c356c4e56d5cd86286976b50858f9ffa08eb513b65c5
20260905T233251.794111Z,3a1ad8dfa458b46fc17f0ade0b5f23d3607a71f1,4858edc00fd66503cce1a954f2d6d0f4d53228f58f3723839b191aace47c4780,85a65f1f57cd5918e3529a1210a45ad78cb20cab8a6db637589aecc38e333336,15cd64de2c8ddb012c7001ab2b9d14b9009c3f6c85d26ac718ef884459e419c7,672-122797-0044,672,test-clean,3.74,20260905,positive,1,mp3_128,mp3,"{""bitrate_kbps"": 128, ""family"": ""mp3"", ""id"": ""mp3_128""}",0.5,0.5,1.0,0.9999901652336121,1,0000011101000100,0000011101000100,0,1.0,0.0,1,30.574417734383022,0.9916448560744788,NA,NA,NA,NA: MP3 codec delay/alignment not independently verified,3.74,59840,0.27676913142204285,0.0,0.0,4291.101139038801,19.0327069722116,61.33673095609993,ok,,"{""alignment_reason"": ""MP3 codec delay/alignment not independently verified"", ""bitrate_kbps"": 128, ""clipping_fraction"": 0.0, ""codec"": ""libmp3lame"", ""duration_seconds"": 3.74, ""family"": ""mp3"", ""id"": ""mp3_128"", ""input_samples"": 59840, ""output_peak"": 0.27676913142204285, ""output_samples"": 59840, ""pre_limiter_peak"": 0.27676913142204285, ""sample_aligned"": false, ""sample_rate"": 16000, ""seed"": 12491038478542574937}",fc4f51cb53fe32eb305a2618154efcb52105b16665df5e55a0274f9bb8032b54
20260905T233251.794111Z,3a1ad8dfa458b46fc17f0ade0b5f23d3607a71f1,4858edc00fd66503cce1a954f2d6d0f4d53228f58f3723839b191aace47c4780,85a65f1f57cd5918e3529a1210a45ad78cb20cab8a6db637589aecc38e333336,15cd64de2c8ddb012c7001ab2b9d14b9009c3f6c85d26ac718ef884459e419c7,672-122797-0044,672,test-clean,3.74,20260905,negative,0,mp3_128,mp3,"{""bitrate_kbps"": 128, ""family"": ""mp3"", ""id"": ""mp3_128""}",0.5,0.5,0.0,0.0011024627601727843,0,0000011101000100,0101110110110100,NA,NA,NA,NA,NA,NA,NA,NA,NA,NA: MP3 codec delay/alignment not independently verified,3.74,59840,0.2770635187625885,0.0,0.0,NA,18.43306701630354,60.960795963183045,ok,,"{""alignment_reason"": ""MP3 codec delay/alignment not independently verified"", ""bitrate_kbps"": 128, ""clipping_fraction"": 0.0, ""codec"": ""libmp3lame"", ""duration_seconds"": 3.74, ""family"": ""mp3"", ""id"": ""mp3_128"", ""input_samples"": 59840, ""output_peak"": 0.2770635187625885, ""output_samples"": 59840, ""pre_limiter_peak"": 0.2770635187625885, ""sample_aligned"": false, ""sample_rate"": 16000, ""seed"": 12491038478542574937}",9cb9a9b07e5015d2ce2484c26a498a0b34c731fd0709ddd7b38ff0d1942111d8
20260905T233251.794111Z,3a1ad8dfa458b46fc17f0ade0b5f23d3607a71f1,4858edc00fd66503cce1a954f2d6d0f4d53228f58f3723839b191aace47c4780,85a65f1f57cd5918e3529a1210a45ad78cb20cab8a6db637589aecc38e333336,15cd64de2c8ddb012c7001ab2b9d14b9009c3f6c85d26ac718ef884459e419c7,672-122797-0044,672,test-clean,3.74,20260905,positive,1,mp3_64,mp3,"{""bitrate_kbps"": 64, ""family"": ""mp3"", ""id"": ""mp3_64""}",0.5,0.5,1.0,0.9999904632568359,1,0000011101000100,0000011101000100,0,1.0,0.0,1,30.574417734383022,0.9916448560744788,NA,NA,NA,NA: MP3 codec delay/alignment not independently verified,3.74,59840,0.278310090303421,0.0,0.0,4291.101139038801,17.999503994360566,60.72201195638627,ok,,"{""alignment_reason"": ""MP3 codec delay/alignment not independently verified"", ""bitrate_kbps"": 64, ""clipping_fraction"": 0.0, ""codec"": ""libmp3lame"", ""duration_seconds"": 3.74, ""family"": ""mp3"", ""id"": ""mp3_64"", ""input_samples"": 59840, ""output_peak"": 0.278310090303421, ""output_samples"": 59840, ""pre_limiter_peak"": 0.278310090303421, ""sample_aligned"": false, ""sample_rate"": 16000, ""seed"": 15262715769872957342}",fae2cbffabe46a1b76968a507d30c5d527dc65f6f096ffcaec04f159e1562de8
20260905T233251.794111Z,3a1ad8dfa458b46fc17f0ade0b5f23d3607a71f1,4858edc00fd66503cce1a954f2d6d0f4d53228f58f3723839b191aace47c4780,85a65f1f57cd5918e3529a1210a45ad78cb20cab8a6db637589aecc38e333336,15cd64de2c8ddb012c7001ab2b9d14b9009c3f6c85d26ac718ef884459e419c7,672-122797-0044,672,test-clean,3.74,20260905,negative,0,mp3_64,mp3,"{""bitrate_kbps"": 64, ""family"": ""mp3"", ""id"": ""mp3_64""}",0.5,0.5,0.0,0.0013678091345354915,0,0000011101000100,0101110110110100,NA,NA,NA,NA,NA,NA,NA,NA,NA,NA: MP3 codec delay/alignment not independently verified,3.74,59840,0.27693551778793335,0.0,0.0,NA,18.13187508378178,60.973649960942566,ok,,"{""alignment_reason"": ""MP3 codec delay/alignment not independently verified"", ""bitrate_kbps"": 64, ""clipping_fraction"": 0.0, ""codec"": ""libmp3lame"", ""duration_seconds"": 3.74, ""family"": ""mp3"", ""id"": ""mp3_64"", ""input_samples"": 59840, ""output_peak"": 0.27693551778793335, ""output_samples"": 59840, ""pre_limiter_peak"": 0.27693551778793335, ""sample_aligned"": false, ""sample_rate"": 16000, ""seed"": 15262715769872957342}",d7051b8d69968305dad3c04d9392f2dafd30bb19ba6c77f918261dfc0a440a50
20260905T233251.794111Z,3a1ad8dfa458b46fc17f0ade0b5f23d3607a71f1,4858edc00fd66503cce1a954f2d6d0f4d53228f58f3723839b191aace47c4780,85a65f1f57cd5918e3529a1210a45ad78cb20cab8a6db637589aecc38e333336,15cd64de2c8ddb012c7001ab2b9d14b9009c3f6c85d26ac718ef884459e419c7,672-122797-0044,672,test-clean,3.74,20260905,positive,1,noise_30,noise,"{""family"": ""noise"", ""id"": ""noise_30"", ""snr_db"": 30}",0.5,0.5,0.9223596453666687,0.8993895053863525,1,0000011101000100,0000011101000100,0,1.0,0.0,1,30.574417734383022,0.9916448560744788,0.9540974256526418,NA,27.256136904623954,aligned_to_original,3.74,59840,0.29189032316207886,0.0,0.0,4291.101139038801,1.4170230133458972,59.62878302671015,ok,,"{""clipping_fraction"": 0.0, ""duration_seconds"": 3.74, ""family"": ""noise"", ""id"": ""noise_30"", ""input_samples"": 59840, ""noise_snr_db"": 30.0000000066329, ""noise_snr_db_pre_clipping"": 30.0, ""output_peak"": 0.29189032316207886, ""output_samples"": 59840, ""pre_limiter_peak"": 0.2918903300695329, ""sample_aligned"": true, ""sample_rate"": 16000, ""seed"": 4033907227134086415, ""snr_db"": 30}",eba69338a73e9cda6ff9148f3e8504a6c36ebf27a84b8fcb42870dcd74a6a29c
20260905T233251.794111Z,3a1ad8dfa458b46fc17f0ade0b5f23d3607a71f1,4858edc00fd66503cce1a954f2d6d0f4d53228f58f3723839b191aace47c4780,85a65f1f57cd5918e3529a1210a45ad78cb20cab8a6db637589aecc38e333336,15cd64de2c8ddb012c7001ab2b9d14b9009c3f6c85d26ac718ef884459e419c7,672-122797-0044,672,test-clean,3.74,20260905,negative,0,noise_30,noise,"{""family"": ""noise"", ""id"": ""noise_30"", ""snr_db"": 30}",0.5,0.5,0.0,0.0004885459202341735,0,0000011101000100,0101110110110100,NA,NA,NA,NA,NA,NA,0.9611392360389096,NA,30.000000026253414,aligned_to_original,3.74,59840,0.2923954129219055,0.0,0.0,NA,1.365716103464365,60.663050040602684,ok,,"{""clipping_fraction"": 0.0, ""duration_seconds"": 3.74, ""family"": ""noise"", ""id"": ""noise_30"", ""input_samples"": 59840, ""noise_snr_db"": 30.000000026253414, ""noise_snr_db_pre_clipping"": 30.0, ""output_peak"": 0.2923954129219055, ""output_samples"": 59840, ""pre_limiter_peak"": 0.2923954101468936, ""sample_aligned"": true, ""sample_rate"": 16000, ""seed"": 4033907227134086415, ""snr_db"": 30}",15e3b182effc8a50b722b99442f37f106b14ff927fc73bd0b214eb81d21a72de
20260905T233251.794111Z,3a1ad8dfa458b46fc17f0ade0b5f23d3607a71f1,4858edc00fd66503cce1a954f2d6d0f4d53228f58f3723839b191aace47c4780,85a65f1f57cd5918e3529a1210a45ad78cb20cab8a6db637589aecc38e333336,15cd64de2c8ddb012c7001ab2b9d14b9009c3f6c85d26ac718ef884459e419c7,672-122797-0044,672,test-clean,3.74,20260905,positive,1,noise_20,noise,"{""family"": ""noise"", ""id"": ""noise_20"", ""snr_db"": 20}",0.5,0.5,0.44486966729164124,0.4456896185874939,0,0000011101000100,0000011101000100,0,1.0,0.0,1,30.574417734383022,0.9916448560744788,0.8823519924918847,NA,19.638499492071514,aligned_to_original,3.74,59840,0.2878054678440094,0.0,0.0,4291.101139038801,1.311782980337739,60.728684067726135,ok,,"{""clipping_fraction"": 0.0, ""duration_seconds"": 3.74, ""family"": ""noise"", ""id"": ""noise_20"", ""input_samples"": 59840, ""noise_snr_db"": 19.999999997691774, ""noise_snr_db_pre_clipping"": 20.0, ""output_peak"": 0.2878054678440094, ""output_samples"": 59840, ""pre_limiter_peak"": 0.2878054708659369, ""sample_aligned"": true, ""sample_rate"": 16000, ""seed"": 9657658358935134618, ""snr_db"": 20}",80298e2525b9fd6e7af5cd3ebc5f1f6ca860e18cb9891557c5a6adb9b50e1081
20260905T233251.794111Z,3a1ad8dfa458b46fc17f0ade0b5f23d3607a71f1,4858edc00fd66503cce1a954f2d6d0f4d53228f58f3723839b191aace47c4780,85a65f1f57cd5918e3529a1210a45ad78cb20cab8a6db637589aecc38e333336,15cd64de2c8ddb012c7001ab2b9d14b9009c3f6c85d26ac718ef884459e419c7,672-122797-0044,672,test-clean,3.74,20260905,negative,0,noise_20,noise,"{""family"": ""noise"", ""id"": ""noise_20"", ""snr_db"": 20}",0.5,0.5,0.0010026737581938505,0.005963501054793596,0,0000011101000100,0100111110110101,NA,NA,NA,NA,NA,NA,0.8881231841422352,NA,20.00000000078462,aligned_to_original,3.74,59840,0.28830963373184204,0.0,0.0,NA,1.3630309840664268,60.26234896853566,ok,,"{""clipping_fraction"": 0.0, ""duration_seconds"": 3.74, ""family"": ""noise"", ""id"": ""noise_20"", ""input_samples"": 59840, ""noise_snr_db"": 20.00000000078462, ""noise_snr_db_pre_clipping"": 20.0, ""output_peak"": 0.28830963373184204, ""output_samples"": 59840, ""pre_limiter_peak"": 0.2883096280730682, ""sample_aligned"": true, ""sample_rate"": 16000, ""seed"": 9657658358935134618, ""snr_db"": 20}",7af71c4625ad4e4be79670b74bce6b3c6d572acc62618cf86b8a71a1c56b8c44
20260905T233251.794111Z,3a1ad8dfa458b46fc17f0ade0b5f23d3607a71f1,4858edc00fd66503cce1a954f2d6d0f4d53228f58f3723839b191aace47c4780,85a65f1f57cd5918e3529a1210a45ad78cb20cab8a6db637589aecc38e333336,15cd64de2c8ddb012c7001ab2b9d14b9009c3f6c85d26ac718ef884459e419c7,672-122797-0044,672,test-clean,3.74,20260905,positive,1,resample_12000,resample,"{""family"": ""resample"", ""id"": ""resample_12000"", ""intermediate_sr"": 12000}",0.5,0.5,1.0,0.9999905824661255,1,0000011101000100,0000011101000100,0,1.0,0.0,1,30.574417734383022,0.9916448560744788,0.9916474368571083,NA,20.42331495448383,aligned_to_original,3.74,59840,0.2912819981575012,0.0,0.0,4291.101139038801,2.0082370610907674,60.618163901381195,ok,,"{""clipping_fraction"": 0.0, ""duration_seconds"": 3.74, ""family"": ""resample"", ""id"": ""resample_12000"", ""input_samples"": 59840, ""intermediate_sr"": 12000, ""output_peak"": 0.2912819981575012, ""output_samples"": 59840, ""pre_limiter_peak"": 0.2912819981575012, ""resampler"": ""scipy.signal.resample_poly"", ""resampler_window"": [""kaiser"", 5.0], ""sample_aligned"": true, ""sample_rate"": 16000, ""seed"": 286816677055424138}",efa214c65fc81f4035971296ca51de4c2164a4b5e639773633d44c030a4f3b5f
20260905T233251.794111Z,3a1ad8dfa458b46fc17f0ade0b5f23d3607a71f1,4858edc00fd66503cce1a954f2d6d0f4d53228f58f3723839b191aace47c4780,85a65f1f57cd5918e3529a1210a45ad78cb20cab8a6db637589aecc38e333336,15cd64de2c8ddb012c7001ab2b9d14b9009c3f6c85d26ac718ef884459e419c7,672-122797-0044,672,test-clean,3.74,20260905,negative,0,resample_12000,resample,"{""family"": ""resample"", ""id"": ""resample_12000"", ""intermediate_sr"": 12000}",0.5,0.5,0.0,0.0008599705761298537,0,0000011101000100,0101110110110100,NA,NA,NA,NA,NA,NA,0.9999997383467645,NA,20.864203077211833,aligned_to_original,3.74,59840,0.2917883098125458,0.0,0.0,NA,2.0706659415736794,60.64414407592267,ok,,"{""clipping_fraction"": 0.0, ""duration_seconds"": 3.74, ""family"": ""resample"", ""id"": ""resample_12000"", ""input_samples"": 59840, ""intermediate_sr"": 12000, ""output_peak"": 0.2917883098125458, ""output_samples"": 59840, ""pre_limiter_peak"": 0.2917883098125458, ""resampler"": ""scipy.signal.resample_poly"", ""resampler_window"": [""kaiser"", 5.0], ""sample_aligned"": true, ""sample_rate"": 16000, ""seed"": 286816677055424138}",6604db1a82110e61e8b050c5dc7c9504e60f0c9dfff7154fb234e0d87d92868a
20260905T233251.794111Z,3a1ad8dfa458b46fc17f0ade0b5f23d3607a71f1,4858edc00fd66503cce1a954f2d6d0f4d53228f58f3723839b191aace47c4780,85a65f1f57cd5918e3529a1210a45ad78cb20cab8a6db637589aecc38e333336,15cd64de2c8ddb012c7001ab2b9d14b9009c3f6c85d26ac718ef884459e419c7,672-122797-0044,672,test-clean,3.74,20260905,positive,1,resample_8000,resample,"{""family"": ""resample"", ""id"": ""resample_8000"", ""intermediate_sr"": 8000}",0.5,0.5,1.0,0.9999903440475464,1,0000011101000100,0000011101000100,0,1.0,0.0,1,30.574417734383022,0.9916448560744788,0.9903773851046952,NA,12.883151651197668,aligned_to_original,3.74,59840,0.27955925464630127,0.0,0.0,4291.101139038801,2.0318919559940696,60.32669101841748,ok,,"{""clipping_fraction"": 0.0, ""duration_seconds"": 3.74, ""family"": ""resample"", ""id"": ""resample_8000"", ""input_samples"": 59840, ""intermediate_sr"": 8000, ""output_peak"": 0.27955925464630127, ""output_samples"": 59840, ""pre_limiter_peak"": 0.27955925464630127, ""resampler"": ""scipy.signal.resample_poly"", ""resampler_window"": [""kaiser"", 5.0], ""sample_aligned"": true, ""sample_rate"": 16000, ""seed"": 5273384422793861021}",212c17359f2130573f2e3e9d2b09dd7952680dbc34d86b336d3b2f732e22bcc5
20260905T233251.794111Z,3a1ad8dfa458b46fc17f0ade0b5f23d3607a71f1,4858edc00fd66503cce1a954f2d6d0f4d53228f58f3723839b191aace47c4780,85a65f1f57cd5918e3529a1210a45ad78cb20cab8a6db637589aecc38e333336,15cd64de2c8ddb012c7001ab2b9d14b9009c3f6c85d26ac718ef884459e419c7,672-122797-0044,672,test-clean,3.74,20260905,negative,0,resample_8000,resample,"{""family"": ""resample"", ""id"": ""resample_8000"", ""intermediate_sr"": 8000}",0.5,0.5,0.0,0.0007197165978141129,0,0000011101000100,0101110110110100,NA,NA,NA,NA,NA,NA,0.9987371062332836,NA,12.95773209187268,aligned_to_original,3.74,59840,0.2816774547100067,0.0,0.0,NA,2.0322829950600863,60.900771990418434,ok,,"{""clipping_fraction"": 0.0, ""duration_seconds"": 3.74, ""family"": ""resample"", ""id"": ""resample_8000"", ""input_samples"": 59840, ""intermediate_sr"": 8000, ""output_peak"": 0.2816774547100067, ""output_samples"": 59840, ""pre_limiter_peak"": 0.2816774547100067, ""resampler"": ""scipy.signal.resample_poly"", ""resampler_window"": [""kaiser"", 5.0], ""sample_aligned"": true, ""sample_rate"": 16000, ""seed"": 5273384422793861021}",af5ed53d18bcd2b6f5851b2ec20b17bb1e0d28505d88b4574ae26fa6fe34cd43
20260905T233251.794111Z,3a1ad8dfa458b46fc17f0ade0b5f23d3607a71f1,4858edc00fd66503cce1a954f2d6d0f4d53228f58f3723839b191aace47c4780,85a65f1f57cd5918e3529a1210a45ad78cb20cab8a6db637589aecc38e333336,15cd64de2c8ddb012c7001ab2b9d14b9009c3f6c85d26ac718ef884459e419c7,672-122797-0044,672,test-clean,3.74,20260905,positive,1,pitch_minus2,pitch,"{""family"": ""pitch"", ""id"": ""pitch_minus2"", ""semitones"": -2}",0.5,0.5,0.0,0.0023972480557858944,0,0000011101000100,0100110110100101,7,0.5625,0.4375,0,30.574417734383022,0.9916448560744788,NA,NA,NA,NA: Pitch shifting changes sample phase and content,3.74,59840,0.19390499591827393,0.0,0.0,4291.101139038801,13.640598044730723,60.31323492061347,ok,,"{""alignment_reason"": ""Pitch shifting changes sample phase and content"", ""clipping_fraction"": 0.0, ""duration_seconds"": 3.74, ""family"": ""pitch"", ""hop_length"": 512, ""id"": ""pitch_minus2"", ""implementation"": ""librosa"", ""input_samples"": 59840, ""n_fft"": 2048, ""output_peak"": 0.19390499591827393, ""output_samples"": 59840, ""pre_limiter_peak"": 0.19390499591827393, ""res_type"": ""soxr_hq"", ""sample_aligned"": false, ""sample_rate"": 16000, ""seed"": 2582875790274137337, ""semitones"": -2}",cb125ed11119e9eaf98ab59bdb4d9fac2ea1a4c2ba98f294d95834a1c15133f9
20260905T233251.794111Z,3a1ad8dfa458b46fc17f0ade0b5f23d3607a71f1,4858edc00fd66503cce1a954f2d6d0f4d53228f58f3723839b191aace47c4780,85a65f1f57cd5918e3529a1210a45ad78cb20cab8a6db637589aecc38e333336,15cd64de2c8ddb012c7001ab2b9d14b9009c3f6c85d26ac718ef884459e419c7,672-122797-0044,672,test-clean,3.74,20260905,negative,0,pitch_minus2,pitch,"{""family"": ""pitch"", ""id"": ""pitch_minus2"", ""semitones"": -2}",0.5,0.5,0.0,0.004253273364156485,0,0000011101000100,1100110110100100,NA,NA,NA,NA,NA,NA,NA,NA,NA,NA: Pitch shifting changes sample phase and content,3.74,59840,0.20269782841205597,0.0,0.0,NA,13.95031705033034,61.56556506175548,ok,,"{""alignment_reason"": ""Pitch shifting changes sample phase and content"", ""clipping_fraction"": 0.0, ""duration_seconds"": 3.74, ""family"": ""pitch"", ""hop_length"": 512, ""id"": ""pitch_minus2"", ""implementation"": ""librosa"", ""input_samples"": 59840, ""n_fft"": 2048, ""output_peak"": 0.20269782841205597, ""output_samples"": 59840, ""pre_limiter_peak"": 0.20269782841205597, ""res_type"": ""soxr_hq"", ""sample_aligned"": false, ""sample_rate"": 16000, ""seed"": 2582875790274137337, ""semitones"": -2}",0b57784b601ad7ad4fab936084bc1519254dbcb4533357c9c7079a78af96a5be
20260905T233251.794111Z,3a1ad8dfa458b46fc17f0ade0b5f23d3607a71f1,4858edc00fd66503cce1a954f2d6d0f4d53228f58f3723839b191aace47c4780,85a65f1f57cd5918e3529a1210a45ad78cb20cab8a6db637589aecc38e333336,15cd64de2c8ddb012c7001ab2b9d14b9009c3f6c85d26ac718ef884459e419c7,672-122797-0044,672,test-clean,3.74,20260905,positive,1,pitch_plus2,pitch,"{""family"": ""pitch"", ""id"": ""pitch_plus2"", ""semitones"": 2}",0.5,0.5,0.0,0.00115012691821903,0,0000011101000100,0101110110100100,7,0.5625,0.4375,0,30.574417734383022,0.9916448560744788,NA,NA,NA,NA: Pitch shifting changes sample phase and content,3.74,59840,0.21233932673931122,0.0,0.0,4291.101139038801,16.13993803039193,61.83710100594908,ok,,"{""alignment_reason"": ""Pitch shifting changes sample phase and content"", ""clipping_fraction"": 0.0, ""duration_seconds"": 3.74, ""family"": ""pitch"", ""hop_length"": 512, ""id"": ""pitch_plus2"", ""implementation"": ""librosa"", ""input_samples"": 59840, ""n_fft"": 2048, ""output_peak"": 0.21233932673931122, ""output_samples"": 59840, ""pre_limiter_peak"": 0.21233932673931122, ""res_type"": ""soxr_hq"", ""sample_aligned"": false, ""sample_rate"": 16000, ""seed"": 4285927104172957954, ""semitones"": 2}",890d7d6239f1c23ef7bbb68234747ffaa18b61c05d654b93079d33bca8d69d3f
20260905T233251.794111Z,3a1ad8dfa458b46fc17f0ade0b5f23d3607a71f1,4858edc00fd66503cce1a954f2d6d0f4d53228f58f3723839b191aace47c4780,85a65f1f57cd5918e3529a1210a45ad78cb20cab8a6db637589aecc38e333336,15cd64de2c8ddb012c7001ab2b9d14b9009c3f6c85d26ac718ef884459e419c7,672-122797-0044,672,test-clean,3.74,20260905,negative,0,pitch_plus2,pitch,"{""family"": ""pitch"", ""id"": ""pitch_plus2"", ""semitones"": 2}",0.5,0.5,0.0,0.00244117621332407,0,0000011101000100,0101111111100100,NA,NA,NA,NA,NA,NA,NA,NA,NA,NA: Pitch shifting changes sample phase and content,3.74,59840,0.17826201021671295,0.0,0.0,NA,16.161510022357106,60.72187202516943,ok,,"{""alignment_reason"": ""Pitch shifting changes sample phase and content"", ""clipping_fraction"": 0.0, ""duration_seconds"": 3.74, ""family"": ""pitch"", ""hop_length"": 512, ""id"": ""pitch_plus2"", ""implementation"": ""librosa"", ""input_samples"": 59840, ""n_fft"": 2048, ""output_peak"": 0.17826201021671295, ""output_samples"": 59840, ""pre_limiter_peak"": 0.17826201021671295, ""res_type"": ""soxr_hq"", ""sample_aligned"": false, ""sample_rate"": 16000, ""seed"": 4285927104172957954, ""semitones"": 2}",4c9dd136ce6fb03c18d38e3f159ea1004a4aa7a6524fcffd02e50554108a95c8
20260905T233251.794111Z,3a1ad8dfa458b46fc17f0ade0b5f23d3607a71f1,4858edc00fd66503cce1a954f2d6d0f4d53228f58f3723839b191aace47c4780,85a65f1f57cd5918e3529a1210a45ad78cb20cab8a6db637589aecc38e333336,15cd64de2c8ddb012c7001ab2b9d14b9009c3f6c85d26ac718ef884459e419c7,672-122797-0044,672,test-clean,3.74,20260905,positive,1,stretch_09,stretch,"{""family"": ""stretch"", ""id"": ""stretch_09"", ""rate"": 0.9}",0.5,0.5,0.38382288813591003,0.40559282898902893,0,0000011101000100,0000011101000100,0,1.0,0.0,1,30.574417734383022,0.9916448560744788,NA,NA,NA,NA: Time stretching changes the temporal coordinate,4.1555625,66489,0.1821613907814026,0.0,0.0,4291.101139038801,14.766378095373511,102.17176005244255,ok,,"{""alignment_reason"": ""Time stretching changes the temporal coordinate"", ""clipping_fraction"": 0.0, ""duration_seconds"": 4.1555625, ""family"": ""stretch"", ""hop_length"": 512, ""id"": ""stretch_09"", ""implementation"": ""librosa"", ""input_samples"": 59840, ""n_fft"": 2048, ""output_peak"": 0.1821613907814026, ""output_samples"": 66489, ""pre_limiter_peak"": 0.1821613907814026, ""rate"": 0.9, ""sample_aligned"": false, ""sample_rate"": 16000, ""seed"": 3964602418282565553}",e9d0274705c77902af98c6bc022242c0184aff552fdb55df883dab10301131c0
20260905T233251.794111Z,3a1ad8dfa458b46fc17f0ade0b5f23d3607a71f1,4858edc00fd66503cce1a954f2d6d0f4d53228f58f3723839b191aace47c4780,85a65f1f57cd5918e3529a1210a45ad78cb20cab8a6db637589aecc38e333336,15cd64de2c8ddb012c7001ab2b9d14b9009c3f6c85d26ac718ef884459e419c7,672-122797-0044,672,test-clean,3.74,20260905,negative,0,stretch_09,stretch,"{""family"": ""stretch"", ""id"": ""stretch_09"", ""rate"": 0.9}",0.5,0.5,0.0,0.0009248721762560308,0,0000011101000100,0101110110100100,NA,NA,NA,NA,NA,NA,NA,NA,NA,NA: Time stretching changes the temporal coordinate,4.1555625,66489,0.2299025058746338,0.0,0.0,NA,14.787457999773324,58.01814200822264,ok,,"{""alignment_reason"": ""Time stretching changes the temporal coordinate"", ""clipping_fraction"": 0.0, ""duration_seconds"": 4.1555625, ""family"": ""stretch"", ""hop_length"": 512, ""id"": ""stretch_09"", ""implementation"": ""librosa"", ""input_samples"": 59840, ""n_fft"": 2048, ""output_peak"": 0.2299025058746338, ""output_samples"": 66489, ""pre_limiter_peak"": 0.2299025058746338, ""rate"": 0.9, ""sample_aligned"": false, ""sample_rate"": 16000, ""seed"": 3964602418282565553}",b559e9e6b2e005da791d68e509b4a7b64a49a9d5c3bcd029051b7c833c496323
20260905T233251.794111Z,3a1ad8dfa458b46fc17f0ade0b5f23d3607a71f1,4858edc00fd66503cce1a954f2d6d0f4d53228f58f3723839b191aace47c4780,85a65f1f57cd5918e3529a1210a45ad78cb20cab8a6db637589aecc38e333336,15cd64de2c8ddb012c7001ab2b9d14b9009c3f6c85d26ac718ef884459e419c7,672-122797-0044,672,test-clean,3.74,20260905,positive,1,stretch_11,stretch,"{""family"": ""stretch"", ""id"": ""stretch_11"", ""rate"": 1.1}",0.5,0.5,0.5140625238418579,0.5356760621070862,1,0000011101000100,0000011101000100,0,1.0,0.0,1,30.574417734383022,0.9916448560744788,NA,NA,NA,NA: Time stretching changes the temporal coordinate,3.4,54400,0.1701829433441162,0.0,0.0,4291.101139038801,12.446990003809333,152.29520399589092,ok,,"{""alignment_reason"": ""Time stretching changes the temporal coordinate"", ""clipping_fraction"": 0.0, ""duration_seconds"": 3.4, ""family"": ""stretch"", ""hop_length"": 512, ""id"": ""stretch_11"", ""implementation"": ""librosa"", ""input_samples"": 59840, ""n_fft"": 2048, ""output_peak"": 0.1701829433441162, ""output_samples"": 54400, ""pre_limiter_peak"": 0.1701829433441162, ""rate"": 1.1, ""sample_aligned"": false, ""sample_rate"": 16000, ""seed"": 10413372752732584827}",98d24757b3bcb6679ce7926a9b577c3125d9a5c235fd57a86a0c7fefc4cc13a7
20260905T233251.794111Z,3a1ad8dfa458b46fc17f0ade0b5f23d3607a71f1,4858edc00fd66503cce1a954f2d6d0f4d53228f58f3723839b191aace47c4780,85a65f1f57cd5918e3529a1210a45ad78cb20cab8a6db637589aecc38e333336,15cd64de2c8ddb012c7001ab2b9d14b9009c3f6c85d26ac718ef884459e419c7,672-122797-0044,672,test-clean,3.74,20260905,negative,0,stretch_11,stretch,"{""family"": ""stretch"", ""id"": ""stretch_11"", ""rate"": 1.1}",0.5,0.5,0.0,0.00022129574790596962,0,0000011101000100,0111110110110100,NA,NA,NA,NA,NA,NA,NA,NA,NA,NA: Time stretching changes the temporal coordinate,3.4,54400,0.2027558833360672,0.0,0.0,NA,12.499139062128961,49.18510199058801,ok,,"{""alignment_reason"": ""Time stretching changes the temporal coordinate"", ""clipping_fraction"": 0.0, ""duration_seconds"": 3.4, ""family"": ""stretch"", ""hop_length"": 512, ""id"": ""stretch_11"", ""implementation"": ""librosa"", ""input_samples"": 59840, ""n_fft"": 2048, ""output_peak"": 0.2027558833360672, ""output_samples"": 54400, ""pre_limiter_peak"": 0.2027558833360672, ""rate"": 1.1, ""sample_aligned"": false, ""sample_rate"": 16000, ""seed"": 10413372752732584827}",5f88ddee96defd05386666f8ace6c410e8d6f2c64e19091dd402fb6af517662b
20260905T233251.794111Z,3a1ad8dfa458b46fc17f0ade0b5f23d3607a71f1,4858edc00fd66503cce1a954f2d6d0f4d53228f58f3723839b191aace47c4780,85a65f1f57cd5918e3529a1210a45ad78cb20cab8a6db637589aecc38e333336,15cd64de2c8ddb012c7001ab2b9d14b9009c3f6c85d26ac718ef884459e419c7,672-122797-0044,672,test-clean,3.74,20260905,positive,1,crop_10,crop,"{""family"": ""crop"", ""fraction"": 0.1, ""id"": ""crop_10""}",0.5,0.5,0.9482137560844421,0.9503031373023987,1,0000011101000100,0100111101011100,4,0.75,0.25,0,30.574417734383022,0.9916448560744788,NA,NA,NA,NA: Contiguous crop changes length and may shift time origin,3.366,53856,0.2912736237049103,0.0,0.0,4291.101139038801,0.3077250439673662,82.15775690041482,ok,,"{""alignment_reason"": ""Contiguous crop changes length and may shift time origin"", ""clipping_fraction"": 0.0, ""crop_end_sample"": 57982, ""crop_start_sample"": 4126, ""duration_seconds"": 3.366, ""family"": ""crop"", ""fraction"": 0.1, ""id"": ""crop_10"", ""input_samples"": 59840, ""output_peak"": 0.2912736237049103, ""output_samples"": 53856, ""pre_limiter_peak"": 0.2912736237049103, ""removed_fraction_actual"": 0.09999999999999998, ""sample_aligned"": false, ""sample_rate"": 16000, ""seed"": 16933758975597605697}",5a3763421f09227ce7b36747f286e28d8e2b50b2e1f20bc6575713ab9ba0471a
20260905T233251.794111Z,3a1ad8dfa458b46fc17f0ade0b5f23d3607a71f1,4858edc00fd66503cce1a954f2d6d0f4d53228f58f3723839b191aace47c4780,85a65f1f57cd5918e3529a1210a45ad78cb20cab8a6db637589aecc38e333336,15cd64de2c8ddb012c7001ab2b9d14b9009c3f6c85d26ac718ef884459e419c7,672-122797-0044,672,test-clean,3.74,20260905,negative,0,crop_10,crop,"{""family"": ""crop"", ""fraction"": 0.1, ""id"": ""crop_10""}",0.5,0.5,0.0,0.00021653331350535154,0,0000011101000100,1111110110110101,NA,NA,NA,NA,NA,NA,NA,NA,NA,NA: Contiguous crop changes length and may shift time origin,3.366,53856,0.291778564453125,0.0,0.0,NA,0.3310799365863204,48.10669203288853,ok,,"{""alignment_reason"": ""Contiguous crop changes length and may shift time origin"", ""clipping_fraction"": 0.0, ""crop_end_sample"": 57982, ""crop_start_sample"": 4126, ""duration_seconds"": 3.366, ""family"": ""crop"", ""fraction"": 0.1, ""id"": ""crop_10"", ""input_samples"": 59840, ""output_peak"": 0.291778564453125, ""output_samples"": 53856, ""pre_limiter_peak"": 0.291778564453125, ""removed_fraction_actual"": 0.09999999999999998, ""sample_aligned"": false, ""sample_rate"": 16000, ""seed"": 16933758975597605697}",9c52c8ce9cf2c362960cd271fd76a1da5adc898d62a6a1bfb961c34374616b14
20260905T233251.794111Z,3a1ad8dfa458b46fc17f0ade0b5f23d3607a71f1,4858edc00fd66503cce1a954f2d6d0f4d53228f58f3723839b191aace47c4780,85a65f1f57cd5918e3529a1210a45ad78cb20cab8a6db637589aecc38e333336,15cd64de2c8ddb012c7001ab2b9d14b9009c3f6c85d26ac718ef884459e419c7,672-122797-0044,672,test-clean,3.74,20260905,positive,1,crop_25,crop,"{""family"": ""crop"", ""fraction"": 0.25, ""id"": ""crop_25""}",0.5,0.5,0.8202540278434753,0.8066765069961548,1,0000011101000100,0010001111000010,5,0.6875,0.3125,0,30.574417734383022,0.9916448560744788,NA,NA,NA,NA: Contiguous crop changes length and may shift time origin,2.805,44880,0.2912736237049103,0.0,0.0,4291.101139038801,0.3006119513884187,48.258419963531196,ok,,"{""alignment_reason"": ""Contiguous crop changes length and may shift time origin"", ""clipping_fraction"": 0.0, ""crop_end_sample"": 45889, ""crop_start_sample"": 1009, ""duration_seconds"": 2.805, ""family"": ""crop"", ""fraction"": 0.25, ""id"": ""crop_25"", ""input_samples"": 59840, ""output_peak"": 0.2912736237049103, ""output_samples"": 44880, ""pre_limiter_peak"": 0.2912736237049103, ""removed_fraction_actual"": 0.25, ""sample_aligned"": false, ""sample_rate"": 16000, ""seed"": 3073486972645986847}",42317b53ad3a2a890647cf05718bc0819521ce45ed1a57282462b765e7bdedaa
20260905T233251.794111Z,3a1ad8dfa458b46fc17f0ade0b5f23d3607a71f1,4858edc00fd66503cce1a954f2d6d0f4d53228f58f3723839b191aace47c4780,85a65f1f57cd5918e3529a1210a45ad78cb20cab8a6db637589aecc38e333336,15cd64de2c8ddb012c7001ab2b9d14b9009c3f6c85d26ac718ef884459e419c7,672-122797-0044,672,test-clean,3.74,20260905,negative,0,crop_25,crop,"{""family"": ""crop"", ""fraction"": 0.25, ""id"": ""crop_25""}",0.5,0.5,0.000668449210934341,0.006331074982881546,0,0000011101000100,0110110110110100,NA,NA,NA,NA,NA,NA,NA,NA,NA,NA: Contiguous crop changes length and may shift time origin,2.805,44880,0.291778564453125,0.0,0.0,NA,0.27015397790819407,44.58246403373778,ok,,"{""alignment_reason"": ""Contiguous crop changes length and may shift time origin"", ""clipping_fraction"": 0.0, ""crop_end_sample"": 45889, ""crop_start_sample"": 1009, ""duration_seconds"": 2.805, ""family"": ""crop"", ""fraction"": 0.25, ""id"": ""crop_25"", ""input_samples"": 59840, ""output_peak"": 0.291778564453125, ""output_samples"": 44880, ""pre_limiter_peak"": 0.291778564453125, ""removed_fraction_actual"": 0.25, ""sample_aligned"": false, ""sample_rate"": 16000, ""seed"": 3073486972645986847}",e054d190c654ea363adbca456b5e42efcc6477c54178e2ace1dd29a1b40f5966
